LOCATION,INDICATOR,SUBJECT,MEASURE,TIME,Value,YEAR,MONTH
AUS,HUR,TOT,PC_LF,2020-01,5.269611,2020,1
AUS,HUR,TOT,PC_LF,2020-02,5.081623,2020,2
AUS,HUR,TOT,PC_LF,2020-03,5.220101,2020,3
AUS,HUR,TOT,PC_LF,2020-04,6.358871,2020,4
AUS,HUR,TOT,PC_LF,2020-05,7.068942,2020,5
AUS,HUR,TOT,PC_LF,2020-06,7.440282,2020,6
AUS,HUR,TOT,PC_LF,2020-07,7.479592,2020,7
AUS,HUR,TOT,PC_LF,2020-08,6.807751,2020,8
AUS,HUR,TOT,PC_LF,2020-09,6.913334,2020,9
AUS,HUR,TOT,PC_LF,2020-10,6.996009,2020,10
AUT,HUR,TOT,PC_LF,2020-01,4.4,2020,1
AUT,HUR,TOT,PC_LF,2020-02,4.5,2020,2
AUT,HUR,TOT,PC_LF,2020-03,4.6,2020,3
AUT,HUR,TOT,PC_LF,2020-04,4.7,2020,4
AUT,HUR,TOT,PC_LF,2020-05,5.7,2020,5
AUT,HUR,TOT,PC_LF,2020-06,5.9,2020,6
AUT,HUR,TOT,PC_LF,2020-07,5.7,2020,7
AUT,HUR,TOT,PC_LF,2020-08,5.5,2020,8
AUT,HUR,TOT,PC_LF,2020-09,5.4,2020,9
AUT,HUR,TOT,PC_LF,2020-10,5.4,2020,10
BEL,HUR,TOT,PC_LF,2020-01,5.1,2020,1
BEL,HUR,TOT,PC_LF,2020-02,5.0,2020,2
BEL,HUR,TOT,PC_LF,2020-03,5.0,2020,3
BEL,HUR,TOT,PC_LF,2020-04,5.1,2020,4
BEL,HUR,TOT,PC_LF,2020-05,5.0,2020,5
BEL,HUR,TOT,PC_LF,2020-06,5.0,2020,6
BEL,HUR,TOT,PC_LF,2020-07,5.0,2020,7
BEL,HUR,TOT,PC_LF,2020-08,5.1,2020,8
BEL,HUR,TOT,PC_LF,2020-09,5.2,2020,9
BEL,HUR,TOT,PC_LF,2020-10,5.1,2020,10
CAN,HUR,TOT,PC_LF,2020-01,5.5,2020,1
CAN,HUR,TOT,PC_LF,2020-02,5.6,2020,2
CAN,HUR,TOT,PC_LF,2020-03,7.8,2020,3
CAN,HUR,TOT,PC_LF,2020-04,13.0,2020,4
CAN,HUR,TOT,PC_LF,2020-05,13.7,2020,5
CAN,HUR,TOT,PC_LF,2020-06,12.3,2020,6
CAN,HUR,TOT,PC_LF,2020-07,10.9,2020,7
CAN,HUR,TOT,PC_LF,2020-08,10.2,2020,8
CAN,HUR,TOT,PC_LF,2020-09,9.0,2020,9
CAN,HUR,TOT,PC_LF,2020-10,8.9,2020,10
CZE,HUR,TOT,PC_LF,2020-01,2.0,2020,1
CZE,HUR,TOT,PC_LF,2020-02,2.0,2020,2
CZE,HUR,TOT,PC_LF,2020-03,2.1,2020,3
CZE,HUR,TOT,PC_LF,2020-04,2.2,2020,4
CZE,HUR,TOT,PC_LF,2020-05,2.4,2020,5
CZE,HUR,TOT,PC_LF,2020-06,2.7,2020,6
CZE,HUR,TOT,PC_LF,2020-07,2.7,2020,7
CZE,HUR,TOT,PC_LF,2020-08,2.8,2020,8
CZE,HUR,TOT,PC_LF,2020-09,2.8,2020,9
CZE,HUR,TOT,PC_LF,2020-10,2.9,2020,10
DNK,HUR,TOT,PC_LF,2020-01,4.9,2020,1
DNK,HUR,TOT,PC_LF,2020-02,4.9,2020,2
DNK,HUR,TOT,PC_LF,2020-03,4.8,2020,3
DNK,HUR,TOT,PC_LF,2020-04,4.9,2020,4
DNK,HUR,TOT,PC_LF,2020-05,5.5,2020,5
DNK,HUR,TOT,PC_LF,2020-06,6.0,2020,6
DNK,HUR,TOT,PC_LF,2020-07,6.3,2020,7
DNK,HUR,TOT,PC_LF,2020-08,6.3,2020,8
DNK,HUR,TOT,PC_LF,2020-09,6.0,2020,9
DNK,HUR,TOT,PC_LF,2020-10,5.8,2020,10
FIN,HUR,TOT,PC_LF,2020-01,6.9,2020,1
FIN,HUR,TOT,PC_LF,2020-02,6.5,2020,2
FIN,HUR,TOT,PC_LF,2020-03,6.7,2020,3
FIN,HUR,TOT,PC_LF,2020-04,7.3,2020,4
FIN,HUR,TOT,PC_LF,2020-05,8.0,2020,5
FIN,HUR,TOT,PC_LF,2020-06,7.9,2020,6
FIN,HUR,TOT,PC_LF,2020-07,8.6,2020,7
FIN,HUR,TOT,PC_LF,2020-08,8.5,2020,8
FIN,HUR,TOT,PC_LF,2020-09,8.3,2020,9
FIN,HUR,TOT,PC_LF,2020-10,8.3,2020,10
FRA,HUR,TOT,PC_LF,2020-01,7.7,2020,1
FRA,HUR,TOT,PC_LF,2020-02,7.5,2020,2
FRA,HUR,TOT,PC_LF,2020-03,8.0,2020,3
FRA,HUR,TOT,PC_LF,2020-04,7.3,2020,4
FRA,HUR,TOT,PC_LF,2020-05,7.2,2020,5
FRA,HUR,TOT,PC_LF,2020-06,6.9,2020,6
FRA,HUR,TOT,PC_LF,2020-07,9.4,2020,7
FRA,HUR,TOT,PC_LF,2020-08,9.0,2020,8
FRA,HUR,TOT,PC_LF,2020-09,8.8,2020,9
FRA,HUR,TOT,PC_LF,2020-10,8.6,2020,10
DEU,HUR,TOT,PC_LF,2020-01,3.4,2020,1
DEU,HUR,TOT,PC_LF,2020-02,3.6,2020,2
DEU,HUR,TOT,PC_LF,2020-03,3.8,2020,3
DEU,HUR,TOT,PC_LF,2020-04,4.0,2020,4
DEU,HUR,TOT,PC_LF,2020-05,4.2,2020,5
DEU,HUR,TOT,PC_LF,2020-06,4.3,2020,6
DEU,HUR,TOT,PC_LF,2020-07,4.4,2020,7
DEU,HUR,TOT,PC_LF,2020-08,4.5,2020,8
DEU,HUR,TOT,PC_LF,2020-09,4.5,2020,9
DEU,HUR,TOT,PC_LF,2020-10,4.5,2020,10
GRC,HUR,TOT,PC_LF,2020-01,16.1,2020,1
GRC,HUR,TOT,PC_LF,2020-02,15.9,2020,2
GRC,HUR,TOT,PC_LF,2020-03,15.6,2020,3
GRC,HUR,TOT,PC_LF,2020-04,15.7,2020,4
GRC,HUR,TOT,PC_LF,2020-05,17.7,2020,5
GRC,HUR,TOT,PC_LF,2020-06,17.5,2020,6
GRC,HUR,TOT,PC_LF,2020-07,17.0,2020,7
GRC,HUR,TOT,PC_LF,2020-08,16.8,2020,8
HUN,HUR,TOT,PC_LF,2020-01,3.4,2020,1
HUN,HUR,TOT,PC_LF,2020-02,3.6,2020,2
HUN,HUR,TOT,PC_LF,2020-03,3.7,2020,3
HUN,HUR,TOT,PC_LF,2020-04,4.1,2020,4
HUN,HUR,TOT,PC_LF,2020-05,4.8,2020,5
HUN,HUR,TOT,PC_LF,2020-06,4.9,2020,6
HUN,HUR,TOT,PC_LF,2020-07,4.6,2020,7
HUN,HUR,TOT,PC_LF,2020-08,4.4,2020,8
HUN,HUR,TOT,PC_LF,2020-09,4.4,2020,9
ISL,HUR,TOT,PC_LF,2020-01,4.1,2020,1
ISL,HUR,TOT,PC_LF,2020-02,4.2,2020,2
ISL,HUR,TOT,PC_LF,2020-03,4.4,2020,3
ISL,HUR,TOT,PC_LF,2020-04,4.6,2020,4
ISL,HUR,TOT,PC_LF,2020-05,4.8,2020,5
ISL,HUR,TOT,PC_LF,2020-06,4.9,2020,6
ISL,HUR,TOT,PC_LF,2020-07,5.1,2020,7
ISL,HUR,TOT,PC_LF,2020-08,5.2,2020,8
ISL,HUR,TOT,PC_LF,2020-09,5.3,2020,9
ISL,HUR,TOT,PC_LF,2020-10,5.4,2020,10
IRL,HUR,TOT,PC_LF,2020-01,4.9,2020,1
IRL,HUR,TOT,PC_LF,2020-02,4.9,2020,2
IRL,HUR,TOT,PC_LF,2020-03,5.0,2020,3
IRL,HUR,TOT,PC_LF,2020-04,4.6,2020,4
IRL,HUR,TOT,PC_LF,2020-05,4.7,2020,5
IRL,HUR,TOT,PC_LF,2020-06,5.2,2020,6
IRL,HUR,TOT,PC_LF,2020-07,6.2,2020,7
IRL,HUR,TOT,PC_LF,2020-08,6.7,2020,8
IRL,HUR,TOT,PC_LF,2020-09,7.3,2020,9
IRL,HUR,TOT,PC_LF,2020-10,7.3,2020,10
ITA,HUR,TOT,PC_LF,2020-01,9.6,2020,1
ITA,HUR,TOT,PC_LF,2020-02,9.4,2020,2
ITA,HUR,TOT,PC_LF,2020-03,8.5,2020,3
ITA,HUR,TOT,PC_LF,2020-04,7.4,2020,4
ITA,HUR,TOT,PC_LF,2020-05,8.7,2020,5
ITA,HUR,TOT,PC_LF,2020-06,9.4,2020,6
ITA,HUR,TOT,PC_LF,2020-07,9.9,2020,7
ITA,HUR,TOT,PC_LF,2020-08,9.8,2020,8
ITA,HUR,TOT,PC_LF,2020-09,9.7,2020,9
ITA,HUR,TOT,PC_LF,2020-10,9.8,2020,10
JPN,HUR,TOT,PC_LF,2020-01,2.4,2020,1
JPN,HUR,TOT,PC_LF,2020-02,2.4,2020,2
JPN,HUR,TOT,PC_LF,2020-03,2.5,2020,3
JPN,HUR,TOT,PC_LF,2020-04,2.6,2020,4
JPN,HUR,TOT,PC_LF,2020-05,2.9,2020,5
JPN,HUR,TOT,PC_LF,2020-06,2.8,2020,6
JPN,HUR,TOT,PC_LF,2020-07,2.9,2020,7
JPN,HUR,TOT,PC_LF,2020-08,3.0,2020,8
JPN,HUR,TOT,PC_LF,2020-09,3.0,2020,9
JPN,HUR,TOT,PC_LF,2020-10,3.1,2020,10
KOR,HUR,TOT,PC_LF,2020-01,4.0,2020,1
KOR,HUR,TOT,PC_LF,2020-02,3.3,2020,2
KOR,HUR,TOT,PC_LF,2020-03,3.8,2020,3
KOR,HUR,TOT,PC_LF,2020-04,3.8,2020,4
KOR,HUR,TOT,PC_LF,2020-05,4.5,2020,5
KOR,HUR,TOT,PC_LF,2020-06,4.3,2020,6
KOR,HUR,TOT,PC_LF,2020-07,4.2,2020,7
KOR,HUR,TOT,PC_LF,2020-08,3.2,2020,8
KOR,HUR,TOT,PC_LF,2020-09,3.9,2020,9
KOR,HUR,TOT,PC_LF,2020-10,4.2,2020,10
LUX,HUR,TOT,PC_LF,2020-01,5.7,2020,1
LUX,HUR,TOT,PC_LF,2020-02,5.7,2020,2
LUX,HUR,TOT,PC_LF,2020-03,6.5,2020,3
LUX,HUR,TOT,PC_LF,2020-04,7.4,2020,4
LUX,HUR,TOT,PC_LF,2020-05,7.6,2020,5
LUX,HUR,TOT,PC_LF,2020-06,7.6,2020,6
LUX,HUR,TOT,PC_LF,2020-07,7.2,2020,7
LUX,HUR,TOT,PC_LF,2020-08,6.8,2020,8
LUX,HUR,TOT,PC_LF,2020-09,6.7,2020,9
LUX,HUR,TOT,PC_LF,2020-10,6.5,2020,10
MEX,HUR,TOT,PC_LF,2020-01,3.579905,2020,1
MEX,HUR,TOT,PC_LF,2020-02,3.566667,2020,2
MEX,HUR,TOT,PC_LF,2020-03,3.253436,2020,3
MEX,HUR,TOT,PC_LF,2020-04,4.807087,2020,4
MEX,HUR,TOT,PC_LF,2020-05,4.309348,2020,5
MEX,HUR,TOT,PC_LF,2020-06,5.505055,2020,6
MEX,HUR,TOT,PC_LF,2020-07,5.156418,2020,7
MEX,HUR,TOT,PC_LF,2020-08,4.960909,2020,8
MEX,HUR,TOT,PC_LF,2020-09,4.693516,2020,9
MEX,HUR,TOT,PC_LF,2020-10,4.589718,2020,10
NLD,HUR,TOT,PC_LF,2020-01,3.0,2020,1
NLD,HUR,TOT,PC_LF,2020-02,2.9,2020,2
NLD,HUR,TOT,PC_LF,2020-03,2.9,2020,3
NLD,HUR,TOT,PC_LF,2020-04,3.4,2020,4
NLD,HUR,TOT,PC_LF,2020-05,3.6,2020,5
NLD,HUR,TOT,PC_LF,2020-06,4.3,2020,6
NLD,HUR,TOT,PC_LF,2020-07,4.5,2020,7
NLD,HUR,TOT,PC_LF,2020-08,4.6,2020,8
NLD,HUR,TOT,PC_LF,2020-09,4.4,2020,9
NLD,HUR,TOT,PC_LF,2020-10,4.3,2020,10
NOR,HUR,TOT,PC_LF,2020-01,3.7,2020,1
NOR,HUR,TOT,PC_LF,2020-02,3.5,2020,2
NOR,HUR,TOT,PC_LF,2020-03,3.6,2020,3
NOR,HUR,TOT,PC_LF,2020-04,4.1,2020,4
NOR,HUR,TOT,PC_LF,2020-05,4.6,2020,5
NOR,HUR,TOT,PC_LF,2020-06,5.2,2020,6
NOR,HUR,TOT,PC_LF,2020-07,5.2,2020,7
NOR,HUR,TOT,PC_LF,2020-08,5.3,2020,8
NOR,HUR,TOT,PC_LF,2020-09,5.2,2020,9
POL,HUR,TOT,PC_LF,2020-01,3.0,2020,1
POL,HUR,TOT,PC_LF,2020-02,3.0,2020,2
POL,HUR,TOT,PC_LF,2020-03,3.0,2020,3
POL,HUR,TOT,PC_LF,2020-04,3.1,2020,4
POL,HUR,TOT,PC_LF,2020-05,3.3,2020,5
POL,HUR,TOT,PC_LF,2020-06,3.4,2020,6
POL,HUR,TOT,PC_LF,2020-07,3.4,2020,7
POL,HUR,TOT,PC_LF,2020-08,3.4,2020,8
POL,HUR,TOT,PC_LF,2020-09,3.4,2020,9
POL,HUR,TOT,PC_LF,2020-10,3.5,2020,10
PRT,HUR,TOT,PC_LF,2020-01,6.8,2020,1
PRT,HUR,TOT,PC_LF,2020-02,6.4,2020,2
PRT,HUR,TOT,PC_LF,2020-03,6.2,2020,3
PRT,HUR,TOT,PC_LF,2020-04,6.3,2020,4
PRT,HUR,TOT,PC_LF,2020-05,5.9,2020,5
PRT,HUR,TOT,PC_LF,2020-06,7.3,2020,6
PRT,HUR,TOT,PC_LF,2020-07,7.9,2020,7
PRT,HUR,TOT,PC_LF,2020-08,8.1,2020,8
PRT,HUR,TOT,PC_LF,2020-09,7.9,2020,9
PRT,HUR,TOT,PC_LF,2020-10,7.5,2020,10
SVK,HUR,TOT,PC_LF,2020-01,5.9,2020,1
SVK,HUR,TOT,PC_LF,2020-02,6.0,2020,2
SVK,HUR,TOT,PC_LF,2020-03,6.0,2020,3
SVK,HUR,TOT,PC_LF,2020-04,6.7,2020,4
SVK,HUR,TOT,PC_LF,2020-05,6.8,2020,5
SVK,HUR,TOT,PC_LF,2020-06,6.7,2020,6
SVK,HUR,TOT,PC_LF,2020-07,6.8,2020,7
SVK,HUR,TOT,PC_LF,2020-08,6.9,2020,8
SVK,HUR,TOT,PC_LF,2020-09,6.8,2020,9
SVK,HUR,TOT,PC_LF,2020-10,7.0,2020,10
ESP,HUR,TOT,PC_LF,2020-01,13.5,2020,1
ESP,HUR,TOT,PC_LF,2020-02,13.5,2020,2
ESP,HUR,TOT,PC_LF,2020-03,14.9,2020,3
ESP,HUR,TOT,PC_LF,2020-04,15.0,2020,4
ESP,HUR,TOT,PC_LF,2020-05,15.6,2020,5
ESP,HUR,TOT,PC_LF,2020-06,15.9,2020,6
ESP,HUR,TOT,PC_LF,2020-07,16.9,2020,7
ESP,HUR,TOT,PC_LF,2020-08,16.6,2020,8
ESP,HUR,TOT,PC_LF,2020-09,16.3,2020,9
ESP,HUR,TOT,PC_LF,2020-10,16.2,2020,10
SWE,HUR,TOT,PC_LF,2020-01,7.2,2020,1
SWE,HUR,TOT,PC_LF,2020-02,7.6,2020,2
SWE,HUR,TOT,PC_LF,2020-03,6.8,2020,3
SWE,HUR,TOT,PC_LF,2020-04,7.9,2020,4
SWE,HUR,TOT,PC_LF,2020-05,8.4,2020,5
SWE,HUR,TOT,PC_LF,2020-06,9.2,2020,6
SWE,HUR,TOT,PC_LF,2020-07,9.1,2020,7
SWE,HUR,TOT,PC_LF,2020-08,9.1,2020,8
SWE,HUR,TOT,PC_LF,2020-09,8.9,2020,9
SWE,HUR,TOT,PC_LF,2020-10,8.6,2020,10
TUR,HUR,TOT,PC_LF,2020-01,12.6,2020,1
TUR,HUR,TOT,PC_LF,2020-02,12.6,2020,2
TUR,HUR,TOT,PC_LF,2020-03,12.9,2020,3
TUR,HUR,TOT,PC_LF,2020-04,13.6,2020,4
TUR,HUR,TOT,PC_LF,2020-05,14.0,2020,5
TUR,HUR,TOT,PC_LF,2020-06,14.3,2020,6
TUR,HUR,TOT,PC_LF,2020-07,13.8,2020,7
TUR,HUR,TOT,PC_LF,2020-08,13.3,2020,8
GBR,HUR,TOT,PC_LF,2020-01,3.9,2020,1
GBR,HUR,TOT,PC_LF,2020-02,3.9,2020,2
GBR,HUR,TOT,PC_LF,2020-03,3.8,2020,3
GBR,HUR,TOT,PC_LF,2020-04,3.7,2020,4
GBR,HUR,TOT,PC_LF,2020-05,3.7,2020,5
GBR,HUR,TOT,PC_LF,2020-06,3.9,2020,6
GBR,HUR,TOT,PC_LF,2020-07,4.3,2020,7
GBR,HUR,TOT,PC_LF,2020-08,4.6,2020,8
USA,HUR,TOT,PC_LF,2020-01,3.6,2020,1
USA,HUR,TOT,PC_LF,2020-02,3.5,2020,2
USA,HUR,TOT,PC_LF,2020-03,4.4,2020,3
USA,HUR,TOT,PC_LF,2020-04,14.7,2020,4
USA,HUR,TOT,PC_LF,2020-05,13.3,2020,5
USA,HUR,TOT,PC_LF,2020-06,11.1,2020,6
USA,HUR,TOT,PC_LF,2020-07,10.2,2020,7
USA,HUR,TOT,PC_LF,2020-08,8.4,2020,8
USA,HUR,TOT,PC_LF,2020-09,7.9,2020,9
USA,HUR,TOT,PC_LF,2020-10,6.9,2020,10
CHL,HUR,TOT,PC_LF,2020-01,8.107676,2020,1
CHL,HUR,TOT,PC_LF,2020-02,8.184627,2020,2
CHL,HUR,TOT,PC_LF,2020-03,9.063102,2020,3
CHL,HUR,TOT,PC_LF,2020-04,10.887,2020,4
CHL,HUR,TOT,PC_LF,2020-05,11.75774,2020,5
CHL,HUR,TOT,PC_LF,2020-06,12.32086,2020,6
CHL,HUR,TOT,PC_LF,2020-07,12.2765,2020,7
CHL,HUR,TOT,PC_LF,2020-08,11.96223,2020,8
CHL,HUR,TOT,PC_LF,2020-09,11.52056,2020,9
EST,HUR,TOT,PC_LF,2020-01,4.7,2020,1
EST,HUR,TOT,PC_LF,2020-02,4.7,2020,2
EST,HUR,TOT,PC_LF,2020-03,4.8,2020,3
EST,HUR,TOT,PC_LF,2020-04,6.0,2020,4
EST,HUR,TOT,PC_LF,2020-05,7.0,2020,5
EST,HUR,TOT,PC_LF,2020-06,8.0,2020,6
EST,HUR,TOT,PC_LF,2020-07,7.8,2020,7
EST,HUR,TOT,PC_LF,2020-08,8.0,2020,8
EST,HUR,TOT,PC_LF,2020-09,8.1,2020,9
ISR,HUR,TOT,PC_LF,2020-01,3.612252,2020,1
ISR,HUR,TOT,PC_LF,2020-02,3.40835,2020,2
ISR,HUR,TOT,PC_LF,2020-03,3.587517,2020,3
ISR,HUR,TOT,PC_LF,2020-04,3.655105,2020,4
ISR,HUR,TOT,PC_LF,2020-05,4.260135,2020,5
ISR,HUR,TOT,PC_LF,2020-06,4.645301,2020,6
ISR,HUR,TOT,PC_LF,2020-07,4.685457,2020,7
ISR,HUR,TOT,PC_LF,2020-08,4.887446,2020,8
ISR,HUR,TOT,PC_LF,2020-09,4.644665,2020,9
ISR,HUR,TOT,PC_LF,2020-10,4.711226,2020,10
SVN,HUR,TOT,PC_LF,2020-01,4.1,2020,1
SVN,HUR,TOT,PC_LF,2020-02,4.2,2020,2
SVN,HUR,TOT,PC_LF,2020-03,4.5,2020,3
SVN,HUR,TOT,PC_LF,2020-04,5.4,2020,4
SVN,HUR,TOT,PC_LF,2020-05,5.5,2020,5
SVN,HUR,TOT,PC_LF,2020-06,5.3,2020,6
SVN,HUR,TOT,PC_LF,2020-07,4.8,2020,7
SVN,HUR,TOT,PC_LF,2020-08,4.7,2020,8
SVN,HUR,TOT,PC_LF,2020-09,4.7,2020,9
SVN,HUR,TOT,PC_LF,2020-10,4.9,2020,10
EU28,HUR,TOT,PC_LF,2020-01,6.2,2020,1
OECD,HUR,TOT,PC_LF,2020-01,5.267261,2020,1
OECD,HUR,TOT,PC_LF,2020-02,5.211413,2020,2
OECD,HUR,TOT,PC_LF,2020-03,5.58952,2020,3
OECD,HUR,TOT,PC_LF,2020-04,8.747764,2020,4
OECD,HUR,TOT,PC_LF,2020-05,8.680347,2020,5
OECD,HUR,TOT,PC_LF,2020-06,8.282507,2020,6
OECD,HUR,TOT,PC_LF,2020-07,8.147287,2020,7
OECD,HUR,TOT,PC_LF,2020-08,7.524984,2020,8
OECD,HUR,TOT,PC_LF,2020-09,7.33025,2020,9
G-7,HUR,TOT,PC_LF,2020-01,4.188101,2020,1
G-7,HUR,TOT,PC_LF,2020-02,4.162117,2020,2
G-7,HUR,TOT,PC_LF,2020-03,4.652221,2020,3
G-7,HUR,TOT,PC_LF,2020-04,9.130074,2020,4
G-7,HUR,TOT,PC_LF,2020-05,8.724729,2020,5
G-7,HUR,TOT,PC_LF,2020-06,7.81353,2020,6
G-7,HUR,TOT,PC_LF,2020-07,7.648885,2020,7
G-7,HUR,TOT,PC_LF,2020-08,6.887187,2020,8
G-7,HUR,TOT,PC_LF,2020-09,6.568295,2020,9
G-7,HUR,TOT,PC_LF,2020-10,6.161926,2020,10
EA19,HUR,TOT,PC_LF,2020-01,7.3,2020,1
EA19,HUR,TOT,PC_LF,2020-02,7.2,2020,2
EA19,HUR,TOT,PC_LF,2020-03,7.4,2020,3
EA19,HUR,TOT,PC_LF,2020-04,7.2,2020,4
EA19,HUR,TOT,PC_LF,2020-05,7.7,2020,5
EA19,HUR,TOT,PC_LF,2020-06,7.9,2020,6
EA19,HUR,TOT,PC_LF,2020-07,8.7,2020,7
EA19,HUR,TOT,PC_LF,2020-08,8.6,2020,8
EA19,HUR,TOT,PC_LF,2020-09,8.5,2020,9
EA19,HUR,TOT,PC_LF,2020-10,8.4,2020,10
LVA,HUR,TOT,PC_LF,2020-01,7.0,2020,1
LVA,HUR,TOT,PC_LF,2020-02,7.0,2020,2
LVA,HUR,TOT,PC_LF,2020-03,7.3,2020,3
LVA,HUR,TOT,PC_LF,2020-04,8.2,2020,4
LVA,HUR,TOT,PC_LF,2020-05,8.6,2020,5
LVA,HUR,TOT,PC_LF,2020-06,8.8,2020,6
LVA,HUR,TOT,PC_LF,2020-07,8.8,2020,7
LVA,HUR,TOT,PC_LF,2020-08,8.5,2020,8
LVA,HUR,TOT,PC_LF,2020-09,8.2,2020,9
LVA,HUR,TOT,PC_LF,2020-10,8.0,2020,10
LTU,HUR,TOT,PC_LF,2020-01,6.1,2020,1
LTU,HUR,TOT,PC_LF,2020-02,6.3,2020,2
LTU,HUR,TOT,PC_LF,2020-03,6.6,2020,3
LTU,HUR,TOT,PC_LF,2020-04,7.8,2020,4
LTU,HUR,TOT,PC_LF,2020-05,8.5,2020,5
LTU,HUR,TOT,PC_LF,2020-06,8.8,2020,6
LTU,HUR,TOT,PC_LF,2020-07,9.6,2020,7
LTU,HUR,TOT,PC_LF,2020-08,10.2,2020,8
LTU,HUR,TOT,PC_LF,2020-09,10.5,2020,9
LTU,HUR,TOT,PC_LF,2020-10,10.4,2020,10
COL,HUR,TOT,PC_LF,2020-01,10.61066,2020,1
COL,HUR,TOT,PC_LF,2020-02,10.85252,2020,2
COL,HUR,TOT,PC_LF,2020-03,12.19014,2020,3
COL,HUR,TOT,PC_LF,2020-04,20.23626,2020,4
COL,HUR,TOT,PC_LF,2020-05,21.13438,2020,5
COL,HUR,TOT,PC_LF,2020-06,20.62735,2020,6
COL,HUR,TOT,PC_LF,2020-07,19.65521,2020,7
COL,HUR,TOT,PC_LF,2020-08,17.19132,2020,8
COL,HUR,TOT,PC_LF,2020-09,16.61172,2020,9
EU27_2020,HUR,TOT,PC_LF,2020-01,6.5,2020,1
EU27_2020,HUR,TOT,PC_LF,2020-02,6.5,2020,2
EU27_2020,HUR,TOT,PC_LF,2020-03,6.6,2020,3
EU27_2020,HUR,TOT,PC_LF,2020-04,6.6,2020,4
EU27_2020,HUR,TOT,PC_LF,2020-05,7.0,2020,5
EU27_2020,HUR,TOT,PC_LF,2020-06,7.2,2020,6
EU27_2020,HUR,TOT,PC_LF,2020-07,7.8,2020,7
EU27_2020,HUR,TOT,PC_LF,2020-08,7.7,2020,8
EU27_2020,HUR,TOT,PC_LF,2020-09,7.6,2020,9
EU27_2020,HUR,TOT,PC_LF,2020-10,7.6,2020,10
USA,HUR,MEN,PC_LF,2020-01,3.6,2020,1
USA,HUR,MEN,PC_LF,2020-02,3.6,2020,2
USA,HUR,MEN,PC_LF,2020-03,4.4,2020,3
USA,HUR,MEN,PC_LF,2020-04,13.5,2020,4
USA,HUR,MEN,PC_LF,2020-05,12.2,2020,5
USA,HUR,MEN,PC_LF,2020-06,10.6,2020,6
USA,HUR,MEN,PC_LF,2020-07,9.8,2020,7
USA,HUR,MEN,PC_LF,2020-08,8.3,2020,8
USA,HUR,MEN,PC_LF,2020-09,7.7,2020,9
USA,HUR,MEN,PC_LF,2020-10,7.0,2020,10
AUS,HUR,MEN,PC_LF,2020-01,5.350914,2020,1
AUS,HUR,MEN,PC_LF,2020-02,5.231085,2020,2
AUS,HUR,MEN,PC_LF,2020-03,5.297134,2020,3
AUS,HUR,MEN,PC_LF,2020-04,6.680489,2020,4
AUS,HUR,MEN,PC_LF,2020-05,7.187739,2020,5
AUS,HUR,MEN,PC_LF,2020-06,7.523157,2020,6
AUS,HUR,MEN,PC_LF,2020-07,7.471879,2020,7
AUS,HUR,MEN,PC_LF,2020-08,7.036308,2020,8
AUS,HUR,MEN,PC_LF,2020-09,7.12687,2020,9
AUS,HUR,MEN,PC_LF,2020-10,6.971511,2020,10
CAN,HUR,MEN,PC_LF,2020-01,5.8,2020,1
CAN,HUR,MEN,PC_LF,2020-02,5.8,2020,2
CAN,HUR,MEN,PC_LF,2020-03,7.1,2020,3
CAN,HUR,MEN,PC_LF,2020-04,12.6,2020,4
CAN,HUR,MEN,PC_LF,2020-05,13.5,2020,5
CAN,HUR,MEN,PC_LF,2020-06,12.1,2020,6
CAN,HUR,MEN,PC_LF,2020-07,11.3,2020,7
CAN,HUR,MEN,PC_LF,2020-08,10.7,2020,8
CAN,HUR,MEN,PC_LF,2020-09,9.5,2020,9
CAN,HUR,MEN,PC_LF,2020-10,9.3,2020,10
AUS,HUR,WOMEN,PC_LF,2020-01,5.179362,2020,1
AUS,HUR,WOMEN,PC_LF,2020-02,4.915142,2020,2
AUS,HUR,WOMEN,PC_LF,2020-03,5.134177,2020,3
AUS,HUR,WOMEN,PC_LF,2020-04,5.993342,2020,4
AUS,HUR,WOMEN,PC_LF,2020-05,6.933723,2020,5
AUS,HUR,WOMEN,PC_LF,2020-06,7.347025,2020,6
AUS,HUR,WOMEN,PC_LF,2020-07,7.488235,2020,7
AUS,HUR,WOMEN,PC_LF,2020-08,6.552208,2020,8
AUS,HUR,WOMEN,PC_LF,2020-09,6.674665,2020,9
AUS,HUR,WOMEN,PC_LF,2020-10,7.023453,2020,10
COL,HUR,MEN,PC_LF,2020-01,8.512313,2020,1
COL,HUR,MEN,PC_LF,2020-02,8.223355,2020,2
COL,HUR,MEN,PC_LF,2020-03,9.628409,2020,3
COL,HUR,MEN,PC_LF,2020-04,17.07972,2020,4
COL,HUR,MEN,PC_LF,2020-05,18.04639,2020,5
COL,HUR,MEN,PC_LF,2020-06,17.10301,2020,6
COL,HUR,MEN,PC_LF,2020-07,15.70944,2020,7
COL,HUR,MEN,PC_LF,2020-08,13.70505,2020,8
COL,HUR,MEN,PC_LF,2020-09,12.85454,2020,9
USA,HUR,WOMEN,PC_LF,2020-01,3.5,2020,1
USA,HUR,WOMEN,PC_LF,2020-02,3.4,2020,2
USA,HUR,WOMEN,PC_LF,2020-03,4.4,2020,3
USA,HUR,WOMEN,PC_LF,2020-04,16.2,2020,4
USA,HUR,WOMEN,PC_LF,2020-05,14.5,2020,5
USA,HUR,WOMEN,PC_LF,2020-06,11.7,2020,6
USA,HUR,WOMEN,PC_LF,2020-07,10.6,2020,7
USA,HUR,WOMEN,PC_LF,2020-08,8.6,2020,8
USA,HUR,WOMEN,PC_LF,2020-09,8.0,2020,9
USA,HUR,WOMEN,PC_LF,2020-10,6.7,2020,10
ISR,HUR,WOMEN,PC_LF,2020-01,3.764509,2020,1
ISR,HUR,WOMEN,PC_LF,2020-02,3.787689,2020,2
ISR,HUR,WOMEN,PC_LF,2020-03,3.444811,2020,3
ISR,HUR,WOMEN,PC_LF,2020-04,3.262991,2020,4
ISR,HUR,WOMEN,PC_LF,2020-05,4.027041,2020,5
ISR,HUR,WOMEN,PC_LF,2020-06,4.281816,2020,6
ISR,HUR,WOMEN,PC_LF,2020-07,4.406842,2020,7
ISR,HUR,WOMEN,PC_LF,2020-08,4.530745,2020,8
ISR,HUR,WOMEN,PC_LF,2020-09,4.188817,2020,9
ISR,HUR,WOMEN,PC_LF,2020-10,4.179142,2020,10
CHL,HUR,MEN,PC_LF,2020-01,7.552942,2020,1
CHL,HUR,MEN,PC_LF,2020-02,7.4752,2020,2
CHL,HUR,MEN,PC_LF,2020-03,8.674264,2020,3
CHL,HUR,MEN,PC_LF,2020-04,10.92144,2020,4
CHL,HUR,MEN,PC_LF,2020-05,11.95035,2020,5
CHL,HUR,MEN,PC_LF,2020-06,12.46583,2020,6
CHL,HUR,MEN,PC_LF,2020-07,12.52112,2020,7
CHL,HUR,MEN,PC_LF,2020-08,12.19049,2020,8
CHL,HUR,MEN,PC_LF,2020-09,11.55411,2020,9
KOR,HUR,WOMEN,PC_LF,2020-01,4.1,2020,1
KOR,HUR,WOMEN,PC_LF,2020-02,3.1,2020,2
KOR,HUR,WOMEN,PC_LF,2020-03,3.8,2020,3
KOR,HUR,WOMEN,PC_LF,2020-04,3.8,2020,4
KOR,HUR,WOMEN,PC_LF,2020-05,4.5,2020,5
KOR,HUR,WOMEN,PC_LF,2020-06,4.4,2020,6
KOR,HUR,WOMEN,PC_LF,2020-07,4.3,2020,7
KOR,HUR,WOMEN,PC_LF,2020-08,3.4,2020,8
KOR,HUR,WOMEN,PC_LF,2020-09,4.0,2020,9
KOR,HUR,WOMEN,PC_LF,2020-10,4.1,2020,10
JPN,HUR,MEN,PC_LF,2020-01,2.4,2020,1
JPN,HUR,MEN,PC_LF,2020-02,2.6,2020,2
JPN,HUR,MEN,PC_LF,2020-03,2.7,2020,3
JPN,HUR,MEN,PC_LF,2020-04,2.9,2020,4
JPN,HUR,MEN,PC_LF,2020-05,3.2,2020,5
JPN,HUR,MEN,PC_LF,2020-06,3.1,2020,6
JPN,HUR,MEN,PC_LF,2020-07,3.0,2020,7
JPN,HUR,MEN,PC_LF,2020-08,3.0,2020,8
JPN,HUR,MEN,PC_LF,2020-09,3.2,2020,9
JPN,HUR,MEN,PC_LF,2020-10,3.4,2020,10
COL,HUR,WOMEN,PC_LF,2020-01,13.42758,2020,1
COL,HUR,WOMEN,PC_LF,2020-02,14.40004,2020,2
COL,HUR,WOMEN,PC_LF,2020-03,15.68767,2020,3
COL,HUR,WOMEN,PC_LF,2020-04,24.95421,2020,4
COL,HUR,WOMEN,PC_LF,2020-05,25.59659,2020,5
COL,HUR,WOMEN,PC_LF,2020-06,25.66746,2020,6
COL,HUR,WOMEN,PC_LF,2020-07,25.52422,2020,7
COL,HUR,WOMEN,PC_LF,2020-08,22.14578,2020,8
COL,HUR,WOMEN,PC_LF,2020-09,21.88144,2020,9
KOR,HUR,MEN,PC_LF,2020-01,3.9,2020,1
KOR,HUR,MEN,PC_LF,2020-02,3.4,2020,2
KOR,HUR,MEN,PC_LF,2020-03,3.8,2020,3
KOR,HUR,MEN,PC_LF,2020-04,3.8,2020,4
KOR,HUR,MEN,PC_LF,2020-05,4.5,2020,5
KOR,HUR,MEN,PC_LF,2020-06,4.3,2020,6
KOR,HUR,MEN,PC_LF,2020-07,4.1,2020,7
KOR,HUR,MEN,PC_LF,2020-08,3.0,2020,8
KOR,HUR,MEN,PC_LF,2020-09,3.8,2020,9
KOR,HUR,MEN,PC_LF,2020-10,4.2,2020,10
CAN,HUR,WOMEN,PC_LF,2020-01,5.3,2020,1
CAN,HUR,WOMEN,PC_LF,2020-02,5.3,2020,2
CAN,HUR,WOMEN,PC_LF,2020-03,8.7,2020,3
CAN,HUR,WOMEN,PC_LF,2020-04,13.4,2020,4
CAN,HUR,WOMEN,PC_LF,2020-05,14.0,2020,5
CAN,HUR,WOMEN,PC_LF,2020-06,12.7,2020,6
CAN,HUR,WOMEN,PC_LF,2020-07,10.4,2020,7
CAN,HUR,WOMEN,PC_LF,2020-08,9.5,2020,8
CAN,HUR,WOMEN,PC_LF,2020-09,8.5,2020,9
CAN,HUR,WOMEN,PC_LF,2020-10,8.5,2020,10
CHL,HUR,WOMEN,PC_LF,2020-01,8.848982,2020,1
CHL,HUR,WOMEN,PC_LF,2020-02,9.137551,2020,2
CHL,HUR,WOMEN,PC_LF,2020-03,9.60645,2020,3
CHL,HUR,WOMEN,PC_LF,2020-04,10.83702,2020,4
CHL,HUR,WOMEN,PC_LF,2020-05,11.476,2020,5
CHL,HUR,WOMEN,PC_LF,2020-06,12.11181,2020,6
CHL,HUR,WOMEN,PC_LF,2020-07,11.9247,2020,7
CHL,HUR,WOMEN,PC_LF,2020-08,11.63326,2020,8
CHL,HUR,WOMEN,PC_LF,2020-09,11.47171,2020,9
ISR,HUR,MEN,PC_LF,2020-01,3.471664,2020,1
ISR,HUR,MEN,PC_LF,2020-02,3.055623,2020,2
ISR,HUR,MEN,PC_LF,2020-03,3.719643,2020,3
ISR,HUR,MEN,PC_LF,2020-04,4.014578,2020,4
ISR,HUR,MEN,PC_LF,2020-05,4.473848,2020,5
ISR,HUR,MEN,PC_LF,2020-06,4.9801,2020,6
ISR,HUR,MEN,PC_LF,2020-07,4.945076,2020,7
ISR,HUR,MEN,PC_LF,2020-08,5.217221,2020,8
ISR,HUR,MEN,PC_LF,2020-09,5.06386,2020,9
ISR,HUR,MEN,PC_LF,2020-10,5.204149,2020,10
JPN,HUR,WOMEN,PC_LF,2020-01,2.2,2020,1
JPN,HUR,WOMEN,PC_LF,2020-02,2.2,2020,2
JPN,HUR,WOMEN,PC_LF,2020-03,2.2,2020,3
JPN,HUR,WOMEN,PC_LF,2020-04,2.3,2020,4
JPN,HUR,WOMEN,PC_LF,2020-05,2.5,2020,5
JPN,HUR,WOMEN,PC_LF,2020-06,2.5,2020,6
JPN,HUR,WOMEN,PC_LF,2020-07,2.7,2020,7
JPN,HUR,WOMEN,PC_LF,2020-08,2.9,2020,8
JPN,HUR,WOMEN,PC_LF,2020-09,2.7,2020,9
JPN,HUR,WOMEN,PC_LF,2020-10,2.7,2020,10
